{"cameraMode":{"drawMode":1,"name":"Wireframe","section":"Shading Mode"},"sceneLighting":true,"audioPlay":false,"sceneViewState":{"showFog":true,"showMaterialUpdate":false,"showSkybox":true,"showFlares":true,"showImageEffects":true,"showParticleSystems":true},"in2DMode":false,"pivot":{"x":110.91446685791016,"y":-8.698848724365235,"z":124.1147232055664},"rotation":{"x":0.3910788893699646,"y":0.3068564236164093,"z":-0.14015160501003266,"w":0.8563318848609924},"size":27.123991012573243,"orthographic":false}